count,next,previous,results
200,https://cryptopanic.com/api/v1/posts/?auth_token=336ae5a2960189eba18738b6e5168d5f6b9140f2&currencies=btc&filter=hot&page=2,,"{'kind': 'news', 'domain': 'en.bitcoinsistemi.com', 'votes': {'negative': 0, 'positive': 21, 'important': 11, 'liked': 15, 'disliked': 0, 'lol': 0, 'toxic': 0, 'saved': 2, 'comments': 1}, 'source': {'title': 'en bitcoinsistemi', 'region': 'en', 'domain': 'en.bitcoinsistemi.com', 'path': None}, 'title': 'JUST IN: Pro-Bitcoin Candidate Javier Milei Wins Election in Argentina, BTC Breaks $37,000', 'published_at': '2023-11-19T23:40:06Z', 'slug': 'JUST-IN-Pro-Bitcoin-Candidate-Javier-Milei-Wins-Election-in-Argentina-BTC-Breaks-37000', 'currencies': [{'code': 'BTC', 'title': 'Bitcoin', 'slug': 'bitcoin', 'url': 'https://cryptopanic.com/news/bitcoin/'}], 'id': 19048931, 'url': 'https://cryptopanic.com/news/19048931/JUST-IN-Pro-Bitcoin-Candidate-Javier-Milei-Wins-Election-in-Argentina-BTC-Breaks-37000', 'created_at': '2023-11-19T23:40:06Z'}"
200,https://cryptopanic.com/api/v1/posts/?auth_token=336ae5a2960189eba18738b6e5168d5f6b9140f2&currencies=btc&filter=hot&page=2,,"{'kind': 'news', 'domain': 'newsbtc.com', 'votes': {'negative': 8, 'positive': 3, 'important': 0, 'liked': 2, 'disliked': 7, 'lol': 5, 'toxic': 0, 'saved': 0, 'comments': 0}, 'source': {'title': 'NewsBTC', 'region': 'en', 'domain': 'newsbtc.com', 'path': None}, 'title': 'Cardano Founder Courts OpenAI’s Sam Altman – What Does He Want To Build?', 'published_at': '2023-11-19T12:00:46Z', 'slug': 'Cardano-Founder-Courts-OpenAIs-Sam-Altman-What-Does-He-Want-To-Build', 'currencies': [{'code': 'BTC', 'title': 'Bitcoin', 'slug': 'bitcoin', 'url': 'https://cryptopanic.com/news/bitcoin/'}, {'code': 'ETH', 'title': 'Ethereum', 'slug': 'ethereum', 'url': 'https://cryptopanic.com/news/ethereum/'}, {'code': 'ADA', 'title': 'Cardano', 'slug': 'cardano', 'url': 'https://cryptopanic.com/news/cardano/'}, {'code': 'KAS', 'title': 'Kaspa', 'slug': 'kaspa', 'url': 'https://cryptopanic.com/news/kaspa/'}], 'id': 19048320, 'url': 'https://cryptopanic.com/news/19048320/Cardano-Founder-Courts-OpenAIs-Sam-Altman-What-Does-He-Want-To-Build', 'created_at': '2023-11-19T12:00:46Z'}"
200,https://cryptopanic.com/api/v1/posts/?auth_token=336ae5a2960189eba18738b6e5168d5f6b9140f2&currencies=btc&filter=hot&page=2,,"{'kind': 'news', 'domain': 'newsbtc.com', 'votes': {'negative': 6, 'positive': 8, 'important': 3, 'liked': 6, 'disliked': 4, 'lol': 4, 'toxic': 0, 'saved': 0, 'comments': 0}, 'source': {'title': 'NewsBTC', 'region': 'en', 'domain': 'newsbtc.com', 'path': None}, 'title': 'Cardano Falling Wedge Pattern: Analyst Predicts 100% Increase Following Breakout', 'published_at': '2023-11-17T23:00:59Z', 'slug': 'Cardano-Falling-Wedge-Pattern-Analyst-Predicts-100-Increase-Following-Breakout', 'currencies': [{'code': 'BTC', 'title': 'Bitcoin', 'slug': 'bitcoin', 'url': 'https://cryptopanic.com/news/bitcoin/'}, {'code': 'ETH', 'title': 'Ethereum', 'slug': 'ethereum', 'url': 'https://cryptopanic.com/news/ethereum/'}, {'code': 'SOL', 'title': 'Solana', 'slug': 'solana', 'url': 'https://cryptopanic.com/news/solana/'}, {'code': 'ADA', 'title': 'Cardano', 'slug': 'cardano', 'url': 'https://cryptopanic.com/news/cardano/'}], 'id': 19046484, 'url': 'https://cryptopanic.com/news/19046484/Cardano-Falling-Wedge-Pattern-Analyst-Predicts-100-Increase-Following-Breakout', 'created_at': '2023-11-17T23:00:59Z'}"
200,https://cryptopanic.com/api/v1/posts/?auth_token=336ae5a2960189eba18738b6e5168d5f6b9140f2&currencies=btc&filter=hot&page=2,,"{'kind': 'news', 'domain': 'cryptobriefing.com', 'votes': {'negative': 1, 'positive': 12, 'important': 8, 'liked': 7, 'disliked': 0, 'lol': 0, 'toxic': 0, 'saved': 2, 'comments': 0}, 'source': {'title': 'CryptoBriefing', 'region': 'en', 'domain': 'cryptobriefing.com', 'path': None}, 'title': 'SEC Advises Bitcoin ETF Firms on Cash Creations to Address Broker Concerns', 'published_at': '2023-11-17T17:47:21Z', 'slug': 'SEC-Advises-Bitcoin-ETF-Firms-on-Cash-Creations-to-Address-Broker-Concerns', 'currencies': [{'code': 'BTC', 'title': 'Bitcoin', 'slug': 'bitcoin', 'url': 'https://cryptopanic.com/news/bitcoin/'}], 'id': 19045928, 'url': 'https://cryptopanic.com/news/19045928/SEC-Advises-Bitcoin-ETF-Firms-on-Cash-Creations-to-Address-Broker-Concerns', 'created_at': '2023-11-17T17:47:21Z'}"
200,https://cryptopanic.com/api/v1/posts/?auth_token=336ae5a2960189eba18738b6e5168d5f6b9140f2&currencies=btc&filter=hot&page=2,,"{'kind': 'news', 'domain': 'en.bitcoinsistemi.com', 'votes': {'negative': 0, 'positive': 12, 'important': 6, 'liked': 7, 'disliked': 1, 'lol': 0, 'toxic': 0, 'saved': 1, 'comments': 1}, 'source': {'title': 'en bitcoinsistemi', 'region': 'en', 'domain': 'en.bitcoinsistemi.com', 'path': None}, 'title': 'BREAKING Bloomberg Analyst Says He Heard Insider Rumors About Bitcoin Spot ETF, Bitcoin Price Soars', 'published_at': '2023-11-17T17:13:05Z', 'slug': 'BREAKING-Bloomberg-Analyst-Says-He-Heard-Insider-Rumors-About-Bitcoin-Spot-ETF-Bitcoin-Price-Soars', 'currencies': [{'code': 'BTC', 'title': 'Bitcoin', 'slug': 'bitcoin', 'url': 'https://cryptopanic.com/news/bitcoin/'}], 'id': 19045874, 'url': 'https://cryptopanic.com/news/19045874/BREAKING-Bloomberg-Analyst-Says-He-Heard-Insider-Rumors-About-Bitcoin-Spot-ETF-Bitcoin-Price-Soars', 'created_at': '2023-11-17T17:13:05Z'}"
200,https://cryptopanic.com/api/v1/posts/?auth_token=336ae5a2960189eba18738b6e5168d5f6b9140f2&currencies=btc&filter=hot&page=2,,"{'kind': 'news', 'domain': 'decrypt.co', 'votes': {'negative': 2, 'positive': 9, 'important': 3, 'liked': 7, 'disliked': 2, 'lol': 1, 'toxic': 0, 'saved': 3, 'comments': 1}, 'source': {'title': 'Decrypt', 'region': 'en', 'domain': 'decrypt.co', 'path': None}, 'title': 'Why Cathie Wood Is Bullish on Solana', 'published_at': '2023-11-16T21:18:11Z', 'slug': 'Why-Cathie-Wood-Is-Bullish-on-Solana', 'currencies': [{'code': 'BTC', 'title': 'Bitcoin', 'slug': 'bitcoin', 'url': 'https://cryptopanic.com/news/bitcoin/'}, {'code': 'ETH', 'title': 'Ethereum', 'slug': 'ethereum', 'url': 'https://cryptopanic.com/news/ethereum/'}, {'code': 'SOL', 'title': 'Solana', 'slug': 'solana', 'url': 'https://cryptopanic.com/news/solana/'}], 'id': 19043758, 'url': 'https://cryptopanic.com/news/19043758/Why-Cathie-Wood-Is-Bullish-on-Solana', 'created_at': '2023-11-16T21:18:11Z'}"
200,https://cryptopanic.com/api/v1/posts/?auth_token=336ae5a2960189eba18738b6e5168d5f6b9140f2&currencies=btc&filter=hot&page=2,,"{'kind': 'news', 'domain': 'finbold.com', 'votes': {'negative': 2, 'positive': 10, 'important': 7, 'liked': 10, 'disliked': 2, 'lol': 2, 'toxic': 0, 'saved': 4, 'comments': 16}, 'source': {'title': 'Finbold', 'region': 'en', 'domain': 'finbold.com', 'path': None}, 'title': 'Solana adds $4 billion in 24 hours; Is $70 next for SOL?', 'published_at': '2023-11-15T13:15:29Z', 'slug': 'Solana-adds-4-billion-in-24-hours-Is-70-next-for-SOL', 'currencies': [{'code': 'BTC', 'title': 'Bitcoin', 'slug': 'bitcoin', 'url': 'https://cryptopanic.com/news/bitcoin/'}, {'code': 'ETH', 'title': 'Ethereum', 'slug': 'ethereum', 'url': 'https://cryptopanic.com/news/ethereum/'}, {'code': 'SOL', 'title': 'Solana', 'slug': 'solana', 'url': 'https://cryptopanic.com/news/solana/'}], 'id': 19039769, 'url': 'https://cryptopanic.com/news/19039769/Solana-adds-4-billion-in-24-hours-Is-70-next-for-SOL', 'created_at': '2023-11-15T13:15:29Z'}"
200,https://cryptopanic.com/api/v1/posts/?auth_token=336ae5a2960189eba18738b6e5168d5f6b9140f2&currencies=btc&filter=hot&page=2,,"{'kind': 'news', 'domain': 'coinpaprika.com', 'votes': {'negative': 6, 'positive': 0, 'important': 0, 'liked': 2, 'disliked': 0, 'lol': 0, 'toxic': 0, 'saved': 0, 'comments': 1}, 'source': {'title': 'coinpaprika', 'region': 'en', 'domain': 'coinpaprika.com', 'path': None}, 'title': 'Grayscale Conversion Plans Could Delay ETFs Approval: Says Cathie Wood', 'published_at': '2023-11-15T08:59:25Z', 'slug': 'Grayscale-Conversion-Plans-Could-Delay-ETFs-Approval-Says-Cathie-Wood', 'currencies': [{'code': 'BTC', 'title': 'Bitcoin', 'slug': 'bitcoin', 'url': 'https://cryptopanic.com/news/bitcoin/'}], 'id': 19039059, 'url': 'https://cryptopanic.com/news/19039059/Grayscale-Conversion-Plans-Could-Delay-ETFs-Approval-Says-Cathie-Wood', 'created_at': '2023-11-15T08:59:25Z'}"
200,https://cryptopanic.com/api/v1/posts/?auth_token=336ae5a2960189eba18738b6e5168d5f6b9140f2&currencies=btc&filter=hot&page=2,,"{'kind': 'news', 'domain': 'en.bitcoinsistemi.com', 'votes': {'negative': 0, 'positive': 15, 'important': 8, 'liked': 10, 'disliked': 1, 'lol': 2, 'toxic': 0, 'saved': 2, 'comments': 3}, 'source': {'title': 'en bitcoinsistemi', 'region': 'en', 'domain': 'en.bitcoinsistemi.com', 'path': None}, 'title': 'Chinese Company Announces It Will Invest $100 Million in Bitcoin and Ethereum!', 'published_at': '2023-11-14T19:09:07Z', 'slug': 'Chinese-Company-Announces-It-Will-Invest-100-Million-in-Bitcoin-and-Ethereum', 'currencies': [{'code': 'BTC', 'title': 'Bitcoin', 'slug': 'bitcoin', 'url': 'https://cryptopanic.com/news/bitcoin/'}, {'code': 'ETH', 'title': 'Ethereum', 'slug': 'ethereum', 'url': 'https://cryptopanic.com/news/ethereum/'}, {'code': 'USDT', 'title': 'Tether', 'slug': 'tether', 'url': 'https://cryptopanic.com/news/tether/'}], 'id': 19038018, 'url': 'https://cryptopanic.com/news/19038018/Chinese-Company-Announces-It-Will-Invest-100-Million-in-Bitcoin-and-Ethereum', 'created_at': '2023-11-14T19:09:07Z'}"
200,https://cryptopanic.com/api/v1/posts/?auth_token=336ae5a2960189eba18738b6e5168d5f6b9140f2&currencies=btc&filter=hot&page=2,,"{'kind': 'news', 'domain': 'feeds2.benzinga.com', 'votes': {'negative': 4, 'positive': 7, 'important': 4, 'liked': 5, 'disliked': 4, 'lol': 6, 'toxic': 0, 'saved': 0, 'comments': 0}, 'source': {'title': 'Benzinga', 'region': 'en', 'domain': 'feeds2.benzinga.com', 'path': None}, 'title': 'ADA To The Moon? Analyst Foresees A Whopping 10,000% Surge For Cardano, Reaching $35 Levels', 'published_at': '2023-11-14T13:35:34Z', 'slug': 'ADA-To-The-Moon-Analyst-Foresees-A-Whopping-10000-Surge-For-Cardano-Reaching-35-Levels', 'currencies': [{'code': 'BTC', 'title': 'Bitcoin', 'slug': 'bitcoin', 'url': 'https://cryptopanic.com/news/bitcoin/'}, {'code': 'ADA', 'title': 'Cardano', 'slug': 'cardano', 'url': 'https://cryptopanic.com/news/cardano/'}], 'id': 19037159, 'url': 'https://cryptopanic.com/news/19037159/ADA-To-The-Moon-Analyst-Foresees-A-Whopping-10000-Surge-For-Cardano-Reaching-35-Levels', 'created_at': '2023-11-14T13:35:34Z'}"
200,https://cryptopanic.com/api/v1/posts/?auth_token=336ae5a2960189eba18738b6e5168d5f6b9140f2&currencies=btc&filter=hot&page=2,,"{'kind': 'news', 'domain': 'coinpaprika.com', 'votes': {'negative': 5, 'positive': 1, 'important': 0, 'liked': 3, 'disliked': 0, 'lol': 1, 'toxic': 0, 'saved': 0, 'comments': 0}, 'source': {'title': 'coinpaprika', 'region': 'en', 'domain': 'coinpaprika.com', 'path': None}, 'title': 'Bitcoin Sharks and Whales Sell Off $2.2 Billion Worth of Bitcoin', 'published_at': '2023-11-13T21:34:02Z', 'slug': 'Bitcoin-Sharks-and-Whales-Sell-Off-22-Billion-Worth-of-Bitcoin', 'currencies': [{'code': 'BTC', 'title': 'Bitcoin', 'slug': 'bitcoin', 'url': 'https://cryptopanic.com/news/bitcoin/'}], 'id': 19035660, 'url': 'https://cryptopanic.com/news/19035660/Bitcoin-Sharks-and-Whales-Sell-Off-22-Billion-Worth-of-Bitcoin', 'created_at': '2023-11-13T21:34:02Z'}"
200,https://cryptopanic.com/api/v1/posts/?auth_token=336ae5a2960189eba18738b6e5168d5f6b9140f2&currencies=btc&filter=hot&page=2,,"{'kind': 'news', 'domain': 'newsbtc.com', 'votes': {'negative': 5, 'positive': 4, 'important': 0, 'liked': 2, 'disliked': 7, 'lol': 6, 'toxic': 0, 'saved': 0, 'comments': 1}, 'source': {'title': 'NewsBTC', 'region': 'en', 'domain': 'newsbtc.com', 'path': None}, 'title': 'Crypto Analyst Says One Day Left Until XRP Price Blast-Off, What To Expect', 'published_at': '2023-11-13T16:00:19Z', 'slug': 'Crypto-Analyst-Says-One-Day-Left-Until-XRP-Price-Blast-Off-What-To-Expect', 'currencies': [{'code': 'BTC', 'title': 'Bitcoin', 'slug': 'bitcoin', 'url': 'https://cryptopanic.com/news/bitcoin/'}, {'code': 'ETH', 'title': 'Ethereum', 'slug': 'ethereum', 'url': 'https://cryptopanic.com/news/ethereum/'}, {'code': 'XRP', 'title': 'XRP', 'slug': 'ripple', 'url': 'https://cryptopanic.com/news/ripple/'}, {'code': 'SOL', 'title': 'Solana', 'slug': 'solana', 'url': 'https://cryptopanic.com/news/solana/'}, {'code': 'DOGE', 'title': 'Dogecoin', 'slug': 'dogecoin', 'url': 'https://cryptopanic.com/news/dogecoin/'}, {'code': 'FLOW', 'title': 'Flow', 'slug': 'flow', 'url': 'https://cryptopanic.com/news/flow/'}], 'id': 19034964, 'url': 'https://cryptopanic.com/news/19034964/Crypto-Analyst-Says-One-Day-Left-Until-XRP-Price-Blast-Off-What-To-Expect', 'created_at': '2023-11-13T16:00:19Z'}"
200,https://cryptopanic.com/api/v1/posts/?auth_token=336ae5a2960189eba18738b6e5168d5f6b9140f2&currencies=btc&filter=hot&page=2,,"{'kind': 'news', 'domain': 'finbold.com', 'votes': {'negative': 4, 'positive': 6, 'important': 5, 'liked': 5, 'disliked': 3, 'lol': 2, 'toxic': 0, 'saved': 4, 'comments': 0}, 'source': {'title': 'Finbold', 'region': 'en', 'domain': 'finbold.com', 'path': None}, 'title': 'Coinbase to launch Solana perpetual futures; Will the SOL rally continue?', 'published_at': '2023-11-13T10:43:41Z', 'slug': 'Coinbase-to-launch-Solana-perpetual-futures-Will-the-SOL-rally-continue', 'currencies': [{'code': 'BTC', 'title': 'Bitcoin', 'slug': 'bitcoin', 'url': 'https://cryptopanic.com/news/bitcoin/'}, {'code': 'ETH', 'title': 'Ethereum', 'slug': 'ethereum', 'url': 'https://cryptopanic.com/news/ethereum/'}, {'code': 'SOL', 'title': 'Solana', 'slug': 'solana', 'url': 'https://cryptopanic.com/news/solana/'}], 'id': 19034107, 'url': 'https://cryptopanic.com/news/19034107/Coinbase-to-launch-Solana-perpetual-futures-Will-the-SOL-rally-continue', 'created_at': '2023-11-13T10:43:41Z'}"
200,https://cryptopanic.com/api/v1/posts/?auth_token=336ae5a2960189eba18738b6e5168d5f6b9140f2&currencies=btc&filter=hot&page=2,,"{'kind': 'news', 'domain': 'bitcoinist.com', 'votes': {'negative': 0, 'positive': 20, 'important': 11, 'liked': 12, 'disliked': 0, 'lol': 1, 'toxic': 0, 'saved': 2, 'comments': 4}, 'source': {'title': 'Bitcoinist', 'region': 'en', 'domain': 'bitcoinist.com', 'path': None}, 'title': 'Spot Bitcoin ETF Approval Could Come This Week: Expert', 'published_at': '2023-11-13T07:10:29Z', 'slug': 'Spot-Bitcoin-ETF-Approval-Could-Come-This-Week-Expert', 'currencies': [{'code': 'BTC', 'title': 'Bitcoin', 'slug': 'bitcoin', 'url': 'https://cryptopanic.com/news/bitcoin/'}], 'id': 19033704, 'url': 'https://cryptopanic.com/news/19033704/Spot-Bitcoin-ETF-Approval-Could-Come-This-Week-Expert', 'created_at': '2023-11-13T07:10:29Z'}"
200,https://cryptopanic.com/api/v1/posts/?auth_token=336ae5a2960189eba18738b6e5168d5f6b9140f2&currencies=btc&filter=hot&page=2,,"{'kind': 'news', 'domain': 'dailycoin.com', 'votes': {'negative': 2, 'positive': 9, 'important': 6, 'liked': 5, 'disliked': 2, 'lol': 4, 'toxic': 0, 'saved': 3, 'comments': 3}, 'source': {'title': 'Dailycoin', 'region': 'en', 'domain': 'dailycoin.com', 'path': None}, 'title': 'Could a Solana ETF Be Next as GSOL Reaches All-Time High?', 'published_at': '2023-11-12T18:05:00Z', 'slug': 'Could-a-Solana-ETF-Be-Next-as-GSOL-Reaches-All-Time-High', 'currencies': [{'code': 'BTC', 'title': 'Bitcoin', 'slug': 'bitcoin', 'url': 'https://cryptopanic.com/news/bitcoin/'}, {'code': 'SOL', 'title': 'Solana', 'slug': 'solana', 'url': 'https://cryptopanic.com/news/solana/'}], 'id': 19033148, 'url': 'https://cryptopanic.com/news/19033148/Could-a-Solana-ETF-Be-Next-as-GSOL-Reaches-All-Time-High', 'created_at': '2023-11-12T18:05:00Z'}"
200,https://cryptopanic.com/api/v1/posts/?auth_token=336ae5a2960189eba18738b6e5168d5f6b9140f2&currencies=btc&filter=hot&page=2,,"{'kind': 'news', 'domain': 'cryptopotato.com', 'votes': {'negative': 0, 'positive': 7, 'important': 3, 'liked': 6, 'disliked': 1, 'lol': 1, 'toxic': 0, 'saved': 2, 'comments': 0}, 'source': {'title': 'Feed - Cryptopotato.Com', 'region': 'en', 'domain': 'cryptopotato.com', 'path': None}, 'title': 'Solana (SOL) Explodes 45% Weekly, Bitcoin (BTC) Maintains $37K (Weekend Watch)', 'published_at': '2023-11-12T09:18:34Z', 'slug': 'Solana-SOL-Explodes-45-Weekly-Bitcoin-BTC-Maintains-37K-Weekend-Watch', 'currencies': [{'code': 'BTC', 'title': 'Bitcoin', 'slug': 'bitcoin', 'url': 'https://cryptopanic.com/news/bitcoin/'}, {'code': 'SOL', 'title': 'Solana', 'slug': 'solana', 'url': 'https://cryptopanic.com/news/solana/'}], 'id': 19032640, 'url': 'https://cryptopanic.com/news/19032640/Solana-SOL-Explodes-45-Weekly-Bitcoin-BTC-Maintains-37K-Weekend-Watch', 'created_at': '2023-11-12T09:18:34Z'}"
200,https://cryptopanic.com/api/v1/posts/?auth_token=336ae5a2960189eba18738b6e5168d5f6b9140f2&currencies=btc&filter=hot&page=2,,"{'kind': 'news', 'domain': 'coinpaprika.com', 'votes': {'negative': 0, 'positive': 12, 'important': 4, 'liked': 8, 'disliked': 2, 'lol': 2, 'toxic': 0, 'saved': 1, 'comments': 3}, 'source': {'title': 'coinpaprika', 'region': 'en', 'domain': 'coinpaprika.com', 'path': None}, 'title': 'Bitcoin Demand Will Boom in 2024: Micheal Saylor Predicts', 'published_at': '2023-11-12T07:00:59Z', 'slug': 'Bitcoin-Demand-Will-Boom-in-2024-Micheal-Saylor-Predicts', 'currencies': [{'code': 'BTC', 'title': 'Bitcoin', 'slug': 'bitcoin', 'url': 'https://cryptopanic.com/news/bitcoin/'}], 'id': 19032545, 'url': 'https://cryptopanic.com/news/19032545/Bitcoin-Demand-Will-Boom-in-2024-Micheal-Saylor-Predicts', 'created_at': '2023-11-12T07:00:59Z'}"
200,https://cryptopanic.com/api/v1/posts/?auth_token=336ae5a2960189eba18738b6e5168d5f6b9140f2&currencies=btc&filter=hot&page=2,,"{'kind': 'news', 'domain': 'finbold.com', 'votes': {'negative': 1, 'positive': 6, 'important': 3, 'liked': 5, 'disliked': 1, 'lol': 1, 'toxic': 0, 'saved': 3, 'comments': 2}, 'source': {'title': 'Finbold', 'region': 'en', 'domain': 'finbold.com', 'path': None}, 'title': '$365 billion inflows crypto market cap in a month, but what’s next?', 'published_at': '2023-11-11T16:29:34Z', 'slug': '365-billion-inflows-crypto-market-cap-in-a-month-but-whats-next', 'currencies': [{'code': 'MC_', 'title': 'Market Cap', 'slug': 'market-cap', 'url': 'https://cryptopanic.com/news/market-cap/'}, {'code': 'BTC', 'title': 'Bitcoin', 'slug': 'bitcoin', 'url': 'https://cryptopanic.com/news/bitcoin/'}], 'id': 19032010, 'url': 'https://cryptopanic.com/news/19032010/365-billion-inflows-crypto-market-cap-in-a-month-but-whats-next', 'created_at': '2023-11-11T16:29:34Z'}"
200,https://cryptopanic.com/api/v1/posts/?auth_token=336ae5a2960189eba18738b6e5168d5f6b9140f2&currencies=btc&filter=hot&page=2,,"{'kind': 'news', 'domain': 'finbold.com', 'votes': {'negative': 0, 'positive': 14, 'important': 8, 'liked': 9, 'disliked': 1, 'lol': 4, 'toxic': 0, 'saved': 4, 'comments': 0}, 'source': {'title': 'Finbold', 'region': 'en', 'domain': 'finbold.com', 'path': None}, 'title': '‘Biggest bull run ever’ looms for Bitcoin as this indicator reappears after 8 years', 'published_at': '2023-11-11T12:24:06Z', 'slug': 'Biggest-bull-run-ever-looms-for-Bitcoin-as-this-indicator-reappears-after-8-years', 'currencies': [{'code': 'BTC', 'title': 'Bitcoin', 'slug': 'bitcoin', 'url': 'https://cryptopanic.com/news/bitcoin/'}, {'code': 'OP', 'title': 'Optimism', 'slug': 'optimism', 'url': 'https://cryptopanic.com/news/optimism/'}], 'id': 19031697, 'url': 'https://cryptopanic.com/news/19031697/Biggest-bull-run-ever-looms-for-Bitcoin-as-this-indicator-reappears-after-8-years', 'created_at': '2023-11-11T12:24:06Z'}"
200,https://cryptopanic.com/api/v1/posts/?auth_token=336ae5a2960189eba18738b6e5168d5f6b9140f2&currencies=btc&filter=hot&page=2,,"{'kind': 'news', 'domain': 'cryptoslate.com', 'votes': {'negative': 0, 'positive': 5, 'important': 5, 'liked': 6, 'disliked': 0, 'lol': 0, 'toxic': 0, 'saved': 0, 'comments': 0}, 'source': {'title': 'CryptoSlate', 'region': 'en', 'domain': 'cryptoslate.com', 'path': None}, 'title': 'ETH crosses $2k as BlackRock’s Ethereum Trust ETF filing surfaces', 'published_at': '2023-11-09T15:38:14Z', 'slug': 'ETH-crosses-2k-as-BlackRocks-Ethereum-Trust-ETF-filing-surfaces', 'currencies': [{'code': 'BTC', 'title': 'Bitcoin', 'slug': 'bitcoin', 'url': 'https://cryptopanic.com/news/bitcoin/'}, {'code': 'ETH', 'title': 'Ethereum', 'slug': 'ethereum', 'url': 'https://cryptopanic.com/news/ethereum/'}], 'id': 19027434, 'url': 'https://cryptopanic.com/news/19027434/ETH-crosses-2k-as-BlackRocks-Ethereum-Trust-ETF-filing-surfaces', 'created_at': '2023-11-09T15:38:14Z'}"
200,https://cryptopanic.com/api/v1/posts/?auth_token=336ae5a2960189eba18738b6e5168d5f6b9140f2&currencies=btc&filter=hot&page=3,https://cryptopanic.com/api/v1/posts/?auth_token=336ae5a2960189eba18738b6e5168d5f6b9140f2&currencies=btc&filter=hot&page=1,"{'kind': 'news', 'domain': 'en.bitcoinsistemi.com', 'votes': {'negative': 1, 'positive': 36, 'important': 22, 'liked': 34, 'disliked': 1, 'lol': 2, 'toxic': 0, 'saved': 2, 'comments': 6}, 'source': {'title': 'en bitcoinsistemi', 'region': 'en', 'domain': 'en.bitcoinsistemi.com', 'path': None}, 'title': 'BREAKING: BlackRock Allegedly Plans to Apply for Ethereum Spot ETF', 'published_at': '2023-11-09T15:07:04Z', 'slug': 'BREAKING-BlackRock-Allegedly-Plans-to-Apply-for-Ethereum-Spot-ETF', 'currencies': [{'code': 'BTC', 'title': 'Bitcoin', 'slug': 'bitcoin', 'url': 'https://cryptopanic.com/news/bitcoin/'}, {'code': 'ETH', 'title': 'Ethereum', 'slug': 'ethereum', 'url': 'https://cryptopanic.com/news/ethereum/'}], 'id': 19027346, 'url': 'https://cryptopanic.com/news/19027346/BREAKING-BlackRock-Allegedly-Plans-to-Apply-for-Ethereum-Spot-ETF', 'created_at': '2023-11-09T15:07:04Z'}"
200,https://cryptopanic.com/api/v1/posts/?auth_token=336ae5a2960189eba18738b6e5168d5f6b9140f2&currencies=btc&filter=hot&page=3,https://cryptopanic.com/api/v1/posts/?auth_token=336ae5a2960189eba18738b6e5168d5f6b9140f2&currencies=btc&filter=hot&page=1,"{'kind': 'news', 'domain': 'coinpaprika.com', 'votes': {'negative': 6, 'positive': 5, 'important': 5, 'liked': 6, 'disliked': 0, 'lol': 6, 'toxic': 0, 'saved': 2, 'comments': 8}, 'source': {'title': 'coinpaprika', 'region': 'en', 'domain': 'coinpaprika.com', 'path': None}, 'title': 'U.S. SEC May Delay Bitcoin ETF Launch Even After Approval.', 'published_at': '2023-11-09T11:19:18Z', 'slug': 'US-SEC-May-Delay-Bitcoin-ETF-Launch-Even-After-Approval', 'currencies': [{'code': 'BTC', 'title': 'Bitcoin', 'slug': 'bitcoin', 'url': 'https://cryptopanic.com/news/bitcoin/'}], 'id': 19026698, 'url': 'https://cryptopanic.com/news/19026698/US-SEC-May-Delay-Bitcoin-ETF-Launch-Even-After-Approval', 'created_at': '2023-11-09T11:19:18Z'}"
200,https://cryptopanic.com/api/v1/posts/?auth_token=336ae5a2960189eba18738b6e5168d5f6b9140f2&currencies=btc&filter=hot&page=3,https://cryptopanic.com/api/v1/posts/?auth_token=336ae5a2960189eba18738b6e5168d5f6b9140f2&currencies=btc&filter=hot&page=1,"{'kind': 'news', 'domain': 'coinpaprika.com', 'votes': {'negative': 0, 'positive': 8, 'important': 5, 'liked': 7, 'disliked': 0, 'lol': 0, 'toxic': 0, 'saved': 0, 'comments': 0}, 'source': {'title': 'coinpaprika', 'region': 'en', 'domain': 'coinpaprika.com', 'path': None}, 'title': 'Bitcoin Price Reaches $37,000 Amid Bitcoin ETF Excitements', 'published_at': '2023-11-09T07:58:21Z', 'slug': 'Bitcoin-Price-Reaches-37000-Amid-Bitcoin-ETF-Excitements', 'currencies': [{'code': 'BTC', 'title': 'Bitcoin', 'slug': 'bitcoin', 'url': 'https://cryptopanic.com/news/bitcoin/'}], 'id': 19026198, 'url': 'https://cryptopanic.com/news/19026198/Bitcoin-Price-Reaches-37000-Amid-Bitcoin-ETF-Excitements', 'created_at': '2023-11-09T07:58:21Z'}"
200,https://cryptopanic.com/api/v1/posts/?auth_token=336ae5a2960189eba18738b6e5168d5f6b9140f2&currencies=btc&filter=hot&page=3,https://cryptopanic.com/api/v1/posts/?auth_token=336ae5a2960189eba18738b6e5168d5f6b9140f2&currencies=btc&filter=hot&page=1,"{'kind': 'news', 'domain': 'decrypt.co', 'votes': {'negative': 1, 'positive': 12, 'important': 8, 'liked': 9, 'disliked': 0, 'lol': 0, 'toxic': 0, 'saved': 5, 'comments': 0}, 'source': {'title': 'Decrypt', 'region': 'en', 'domain': 'decrypt.co', 'path': None}, 'title': ""12 Bitcoin ETFs Have 'Brief Window' for SEC Approval Starting Tomorrow"", 'published_at': '2023-11-08T22:14:12Z', 'slug': '12-Bitcoin-ETFs-Have-Brief-Window-for-SEC-Approval-Starting-Tomorrow', 'currencies': [{'code': 'BTC', 'title': 'Bitcoin', 'slug': 'bitcoin', 'url': 'https://cryptopanic.com/news/bitcoin/'}], 'id': 19025489, 'url': 'https://cryptopanic.com/news/19025489/12-Bitcoin-ETFs-Have-Brief-Window-for-SEC-Approval-Starting-Tomorrow', 'created_at': '2023-11-08T22:14:12Z'}"
200,https://cryptopanic.com/api/v1/posts/?auth_token=336ae5a2960189eba18738b6e5168d5f6b9140f2&currencies=btc&filter=hot&page=3,https://cryptopanic.com/api/v1/posts/?auth_token=336ae5a2960189eba18738b6e5168d5f6b9140f2&currencies=btc&filter=hot&page=1,"{'kind': 'news', 'domain': 'theblock.co', 'votes': {'negative': 0, 'positive': 6, 'important': 5, 'liked': 4, 'disliked': 0, 'lol': 3, 'toxic': 0, 'saved': 2, 'comments': 0}, 'source': {'title': 'The Block', 'region': 'en', 'domain': 'theblock.co', 'path': None}, 'title': 'The SEC has opened talks with Grayscale over its bid for a spot bitcoin ETF conversion: report', 'published_at': '2023-11-08T21:35:33Z', 'slug': 'The-SEC-has-opened-talks-with-Grayscale-over-its-bid-for-a-spot-bitcoin-ETF-conversion-report', 'currencies': [{'code': 'BTC', 'title': 'Bitcoin', 'slug': 'bitcoin', 'url': 'https://cryptopanic.com/news/bitcoin/'}], 'id': 19025411, 'url': 'https://cryptopanic.com/news/19025411/The-SEC-has-opened-talks-with-Grayscale-over-its-bid-for-a-spot-bitcoin-ETF-conversion-report', 'created_at': '2023-11-08T21:35:33Z'}"
200,https://cryptopanic.com/api/v1/posts/?auth_token=336ae5a2960189eba18738b6e5168d5f6b9140f2&currencies=btc&filter=hot&page=3,https://cryptopanic.com/api/v1/posts/?auth_token=336ae5a2960189eba18738b6e5168d5f6b9140f2&currencies=btc&filter=hot&page=1,"{'kind': 'news', 'domain': 'newsbtc.com', 'votes': {'negative': 1, 'positive': 5, 'important': 1, 'liked': 3, 'disliked': 2, 'lol': 1, 'toxic': 0, 'saved': 2, 'comments': 3}, 'source': {'title': 'NewsBTC', 'region': 'en', 'domain': 'newsbtc.com', 'path': None}, 'title': 'Solana (SOL) Continues To Register Notable Gains Daily, Is $50 the Target?', 'published_at': '2023-11-08T21:00:56Z', 'slug': 'Solana-SOL-Continues-To-Register-Notable-Gains-Daily-Is-50-the-Target', 'currencies': [{'code': 'BTC', 'title': 'Bitcoin', 'slug': 'bitcoin', 'url': 'https://cryptopanic.com/news/bitcoin/'}, {'code': 'ETH', 'title': 'Ethereum', 'slug': 'ethereum', 'url': 'https://cryptopanic.com/news/ethereum/'}, {'code': 'XRP', 'title': 'XRP', 'slug': 'ripple', 'url': 'https://cryptopanic.com/news/ripple/'}, {'code': 'SOL', 'title': 'Solana', 'slug': 'solana', 'url': 'https://cryptopanic.com/news/solana/'}], 'id': 19025340, 'url': 'https://cryptopanic.com/news/19025340/Solana-SOL-Continues-To-Register-Notable-Gains-Daily-Is-50-the-Target', 'created_at': '2023-11-08T21:00:56Z'}"
200,https://cryptopanic.com/api/v1/posts/?auth_token=336ae5a2960189eba18738b6e5168d5f6b9140f2&currencies=btc&filter=hot&page=3,https://cryptopanic.com/api/v1/posts/?auth_token=336ae5a2960189eba18738b6e5168d5f6b9140f2&currencies=btc&filter=hot&page=1,"{'kind': 'news', 'domain': 'coindesk.com', 'votes': {'negative': 0, 'positive': 9, 'important': 8, 'liked': 8, 'disliked': 0, 'lol': 2, 'toxic': 0, 'saved': 2, 'comments': 1}, 'source': {'title': 'CoinDesk', 'region': 'en', 'domain': 'coindesk.com', 'path': None}, 'title': 'U.S. SEC Said to Open Talks with Grayscale on Spot Bitcoin ETF Push', 'published_at': '2023-11-08T20:51:28Z', 'slug': 'US-SEC-Said-to-Open-Talks-with-Grayscale-on-Spot-Bitcoin-ETF-Push', 'currencies': [{'code': 'BTC', 'title': 'Bitcoin', 'slug': 'bitcoin', 'url': 'https://cryptopanic.com/news/bitcoin/'}], 'id': 19025313, 'url': 'https://cryptopanic.com/news/19025313/US-SEC-Said-to-Open-Talks-with-Grayscale-on-Spot-Bitcoin-ETF-Push', 'created_at': '2023-11-08T20:51:28Z'}"
200,https://cryptopanic.com/api/v1/posts/?auth_token=336ae5a2960189eba18738b6e5168d5f6b9140f2&currencies=btc&filter=hot&page=3,https://cryptopanic.com/api/v1/posts/?auth_token=336ae5a2960189eba18738b6e5168d5f6b9140f2&currencies=btc&filter=hot&page=1,"{'kind': 'news', 'domain': 'coindesk.com', 'votes': {'negative': 0, 'positive': 13, 'important': 11, 'liked': 10, 'disliked': 0, 'lol': 2, 'toxic': 0, 'saved': 1, 'comments': 0}, 'source': {'title': 'CoinDesk', 'region': 'en', 'domain': 'coindesk.com', 'path': None}, 'title': ""Bitcoin Squeezes to $35.5K as 'Mini Altcoin Season' Lifts Crypto Market Cap to $1.3 Trillion"", 'published_at': '2023-11-07T20:47:27Z', 'slug': 'Bitcoin-Squeezes-to-355K-as-Mini-Altcoin-Season-Lifts-Crypto-Market-Cap-to-13-Trillion', 'currencies': [{'code': 'BTC', 'title': 'Bitcoin', 'slug': 'bitcoin', 'url': 'https://cryptopanic.com/news/bitcoin/'}, {'code': 'XRP', 'title': 'XRP', 'slug': 'ripple', 'url': 'https://cryptopanic.com/news/ripple/'}, {'code': 'SOL', 'title': 'Solana', 'slug': 'solana', 'url': 'https://cryptopanic.com/news/solana/'}], 'id': 19022549, 'url': 'https://cryptopanic.com/news/19022549/Bitcoin-Squeezes-to-355K-as-Mini-Altcoin-Season-Lifts-Crypto-Market-Cap-to-13-Trillion', 'created_at': '2023-11-07T20:47:27Z'}"
200,https://cryptopanic.com/api/v1/posts/?auth_token=336ae5a2960189eba18738b6e5168d5f6b9140f2&currencies=btc&filter=hot&page=3,https://cryptopanic.com/api/v1/posts/?auth_token=336ae5a2960189eba18738b6e5168d5f6b9140f2&currencies=btc&filter=hot&page=1,"{'kind': 'news', 'domain': 'cryptopotato.com', 'votes': {'negative': 3, 'positive': 6, 'important': 4, 'liked': 5, 'disliked': 3, 'lol': 3, 'toxic': 0, 'saved': 0, 'comments': 2}, 'source': {'title': 'Feed - Cryptopotato.Com', 'region': 'en', 'domain': 'cryptopotato.com', 'path': None}, 'title': 'Cardano Tops This Notable List While ADA Soars 17% Weekly: Details', 'published_at': '2023-11-07T14:37:30Z', 'slug': 'Cardano-Tops-This-Notable-List-While-ADA-Soars-17-Weekly-Details', 'currencies': [{'code': 'BTC', 'title': 'Bitcoin', 'slug': 'bitcoin', 'url': 'https://cryptopanic.com/news/bitcoin/'}, {'code': 'ETH', 'title': 'Ethereum', 'slug': 'ethereum', 'url': 'https://cryptopanic.com/news/ethereum/'}, {'code': 'ADA', 'title': 'Cardano', 'slug': 'cardano', 'url': 'https://cryptopanic.com/news/cardano/'}], 'id': 19021700, 'url': 'https://cryptopanic.com/news/19021700/Cardano-Tops-This-Notable-List-While-ADA-Soars-17-Weekly-Details', 'created_at': '2023-11-07T14:37:30Z'}"
200,https://cryptopanic.com/api/v1/posts/?auth_token=336ae5a2960189eba18738b6e5168d5f6b9140f2&currencies=btc&filter=hot&page=3,https://cryptopanic.com/api/v1/posts/?auth_token=336ae5a2960189eba18738b6e5168d5f6b9140f2&currencies=btc&filter=hot&page=1,"{'kind': 'news', 'domain': 'coinpaprika.com', 'votes': {'negative': 5, 'positive': 2, 'important': 2, 'liked': 3, 'disliked': 1, 'lol': 1, 'toxic': 0, 'saved': 0, 'comments': 4}, 'source': {'title': 'coinpaprika', 'region': 'en', 'domain': 'coinpaprika.com', 'path': None}, 'title': 'Bitcoin Fees Hits 6-month High as Bitcoin Ordinals Revives', 'published_at': '2023-11-07T10:05:24Z', 'slug': 'Bitcoin-Fees-Hits-6-month-High-as-Bitcoin-Ordinals-Revives', 'currencies': [{'code': 'BTC', 'title': 'Bitcoin', 'slug': 'bitcoin', 'url': 'https://cryptopanic.com/news/bitcoin/'}], 'id': 19020967, 'url': 'https://cryptopanic.com/news/19020967/Bitcoin-Fees-Hits-6-month-High-as-Bitcoin-Ordinals-Revives', 'created_at': '2023-11-07T10:05:24Z'}"
200,https://cryptopanic.com/api/v1/posts/?auth_token=336ae5a2960189eba18738b6e5168d5f6b9140f2&currencies=btc&filter=hot&page=3,https://cryptopanic.com/api/v1/posts/?auth_token=336ae5a2960189eba18738b6e5168d5f6b9140f2&currencies=btc&filter=hot&page=1,"{'kind': 'news', 'domain': 'coinpaprika.com', 'votes': {'negative': 1, 'positive': 0, 'important': 6, 'liked': 4, 'disliked': 0, 'lol': 1, 'toxic': 0, 'saved': 0, 'comments': 0}, 'source': {'title': 'coinpaprika', 'region': 'en', 'domain': 'coinpaprika.com', 'path': None}, 'title': 'Coinbase Warn Users To Sell Off Bitcoin SV Before January 9', 'published_at': '2023-11-07T07:59:32Z', 'slug': 'Coinbase-Warn-Users-To-Sell-Off-Bitcoin-SV-Before-January-9', 'currencies': [{'code': 'BTC', 'title': 'Bitcoin', 'slug': 'bitcoin', 'url': 'https://cryptopanic.com/news/bitcoin/'}, {'code': 'BSV', 'title': 'Bitcoin SV', 'slug': 'bitcoin-cash-sv', 'url': 'https://cryptopanic.com/news/bitcoin-cash-sv/'}], 'id': 19020704, 'url': 'https://cryptopanic.com/news/19020704/Coinbase-Warn-Users-To-Sell-Off-Bitcoin-SV-Before-January-9', 'created_at': '2023-11-07T07:59:32Z'}"
200,https://cryptopanic.com/api/v1/posts/?auth_token=336ae5a2960189eba18738b6e5168d5f6b9140f2&currencies=btc&filter=hot&page=3,https://cryptopanic.com/api/v1/posts/?auth_token=336ae5a2960189eba18738b6e5168d5f6b9140f2&currencies=btc&filter=hot&page=1,"{'kind': 'news', 'domain': 'cointelegraph.com', 'votes': {'negative': 0, 'positive': 6, 'important': 6, 'liked': 7, 'disliked': 0, 'lol': 1, 'toxic': 0, 'saved': 1, 'comments': 2}, 'source': {'title': 'CoinTelegraph', 'region': 'en', 'domain': 'cointelegraph.com', 'path': None}, 'title': 'China ‘does not want to miss out’: Community reacts to HK spot Bitcoin ETF news', 'published_at': '2023-11-06T11:16:35Z', 'slug': 'China-does-not-want-to-miss-out-Community-reacts-to-HK-spot-Bitcoin-ETF-news', 'currencies': [{'code': 'BTC', 'title': 'Bitcoin', 'slug': 'bitcoin', 'url': 'https://cryptopanic.com/news/bitcoin/'}], 'id': 19018568, 'url': 'https://cryptopanic.com/news/19018568/China-does-not-want-to-miss-out-Community-reacts-to-HK-spot-Bitcoin-ETF-news', 'created_at': '2023-11-06T11:16:35Z'}"
200,https://cryptopanic.com/api/v1/posts/?auth_token=336ae5a2960189eba18738b6e5168d5f6b9140f2&currencies=btc&filter=hot&page=3,https://cryptopanic.com/api/v1/posts/?auth_token=336ae5a2960189eba18738b6e5168d5f6b9140f2&currencies=btc&filter=hot&page=1,"{'kind': 'news', 'domain': 'trustnodes.com', 'votes': {'negative': 0, 'positive': 13, 'important': 7, 'liked': 9, 'disliked': 0, 'lol': 3, 'toxic': 0, 'saved': 1, 'comments': 3}, 'source': {'title': 'Trustnodes', 'region': 'en', 'domain': 'trustnodes.com', 'path': None}, 'title': 'Ethereum Touches $1,900', 'published_at': '2023-11-05T13:59:04Z', 'slug': 'Ethereum-Touches-1900', 'currencies': [{'code': 'BTC', 'title': 'Bitcoin', 'slug': 'bitcoin', 'url': 'https://cryptopanic.com/news/bitcoin/'}, {'code': 'ETH', 'title': 'Ethereum', 'slug': 'ethereum', 'url': 'https://cryptopanic.com/news/ethereum/'}], 'id': 19017236, 'url': 'https://cryptopanic.com/news/19017236/Ethereum-Touches-1900', 'created_at': '2023-11-05T13:59:04Z'}"
200,https://cryptopanic.com/api/v1/posts/?auth_token=336ae5a2960189eba18738b6e5168d5f6b9140f2&currencies=btc&filter=hot&page=3,https://cryptopanic.com/api/v1/posts/?auth_token=336ae5a2960189eba18738b6e5168d5f6b9140f2&currencies=btc&filter=hot&page=1,"{'kind': 'news', 'domain': 'en.bitcoinsistemi.com', 'votes': {'negative': 0, 'positive': 6, 'important': 3, 'liked': 7, 'disliked': 0, 'lol': 3, 'toxic': 0, 'saved': 0, 'comments': 8}, 'source': {'title': 'en bitcoinsistemi', 'region': 'en', 'domain': 'en.bitcoinsistemi.com', 'path': None}, 'title': 'Charlie Munger Says He’s Concerned About the Recent Surge in Bitcoin Price', 'published_at': '2023-11-05T13:44:05Z', 'slug': 'Charlie-Munger-Says-Hes-Concerned-About-the-Recent-Surge-in-Bitcoin-Price', 'currencies': [{'code': 'BTC', 'title': 'Bitcoin', 'slug': 'bitcoin', 'url': 'https://cryptopanic.com/news/bitcoin/'}], 'id': 19017223, 'url': 'https://cryptopanic.com/news/19017223/Charlie-Munger-Says-Hes-Concerned-About-the-Recent-Surge-in-Bitcoin-Price', 'created_at': '2023-11-05T13:44:05Z'}"
200,https://cryptopanic.com/api/v1/posts/?auth_token=336ae5a2960189eba18738b6e5168d5f6b9140f2&currencies=btc&filter=hot&page=3,https://cryptopanic.com/api/v1/posts/?auth_token=336ae5a2960189eba18738b6e5168d5f6b9140f2&currencies=btc&filter=hot&page=1,"{'kind': 'news', 'domain': 'coinpaprika.com', 'votes': {'negative': 0, 'positive': 15, 'important': 7, 'liked': 14, 'disliked': 0, 'lol': 3, 'toxic': 0, 'saved': 0, 'comments': 1}, 'source': {'title': 'coinpaprika', 'region': 'en', 'domain': 'coinpaprika.com', 'path': None}, 'title': 'Bitcoin Holds its Ground on $34,000 Boosting Traders Confidence', 'published_at': '2023-11-04T19:39:04Z', 'slug': 'Bitcoin-Holds-its-Ground-on-34000-Boosting-Traders-Confidence', 'currencies': [{'code': 'BTC', 'title': 'Bitcoin', 'slug': 'bitcoin', 'url': 'https://cryptopanic.com/news/bitcoin/'}], 'id': 19016560, 'url': 'https://cryptopanic.com/news/19016560/Bitcoin-Holds-its-Ground-on-34000-Boosting-Traders-Confidence', 'created_at': '2023-11-04T19:39:04Z'}"
200,https://cryptopanic.com/api/v1/posts/?auth_token=336ae5a2960189eba18738b6e5168d5f6b9140f2&currencies=btc&filter=hot&page=3,https://cryptopanic.com/api/v1/posts/?auth_token=336ae5a2960189eba18738b6e5168d5f6b9140f2&currencies=btc&filter=hot&page=1,"{'kind': 'news', 'domain': 'coinpaprika.com', 'votes': {'negative': 2, 'positive': 9, 'important': 12, 'liked': 12, 'disliked': 1, 'lol': 2, 'toxic': 0, 'saved': 2, 'comments': 4}, 'source': {'title': 'coinpaprika', 'region': 'en', 'domain': 'coinpaprika.com', 'path': None}, 'title': ""Bitcoin ETF Could be Approved by November's End : Valkyrie CIO Predicts"", 'published_at': '2023-11-04T09:32:20Z', 'slug': 'Bitcoin-ETF-Could-be-Approved-by-Novembers-End-Valkyrie-CIO-Predicts', 'currencies': [{'code': 'BTC', 'title': 'Bitcoin', 'slug': 'bitcoin', 'url': 'https://cryptopanic.com/news/bitcoin/'}], 'id': 19015838, 'url': 'https://cryptopanic.com/news/19015838/Bitcoin-ETF-Could-be-Approved-by-Novembers-End-Valkyrie-CIO-Predicts', 'created_at': '2023-11-04T09:32:20Z'}"
200,https://cryptopanic.com/api/v1/posts/?auth_token=336ae5a2960189eba18738b6e5168d5f6b9140f2&currencies=btc&filter=hot&page=3,https://cryptopanic.com/api/v1/posts/?auth_token=336ae5a2960189eba18738b6e5168d5f6b9140f2&currencies=btc&filter=hot&page=1,"{'kind': 'news', 'domain': 'finbold.com', 'votes': {'negative': 3, 'positive': 3, 'important': 3, 'liked': 3, 'disliked': 2, 'lol': 3, 'toxic': 0, 'saved': 3, 'comments': 1}, 'source': {'title': 'Finbold', 'region': 'en', 'domain': 'finbold.com', 'path': None}, 'title': 'Why spot Bitcoin ETFs approval does not guarantee a bull market', 'published_at': '2023-11-04T09:11:22Z', 'slug': 'Why-spot-Bitcoin-ETFs-approval-does-not-guarantee-a-bull-market', 'currencies': [{'code': 'BTC', 'title': 'Bitcoin', 'slug': 'bitcoin', 'url': 'https://cryptopanic.com/news/bitcoin/'}], 'id': 19015813, 'url': 'https://cryptopanic.com/news/19015813/Why-spot-Bitcoin-ETFs-approval-does-not-guarantee-a-bull-market', 'created_at': '2023-11-04T09:11:22Z'}"
200,https://cryptopanic.com/api/v1/posts/?auth_token=336ae5a2960189eba18738b6e5168d5f6b9140f2&currencies=btc&filter=hot&page=3,https://cryptopanic.com/api/v1/posts/?auth_token=336ae5a2960189eba18738b6e5168d5f6b9140f2&currencies=btc&filter=hot&page=1,"{'kind': 'news', 'domain': 'newsbtc.com', 'votes': {'negative': 5, 'positive': 11, 'important': 4, 'liked': 13, 'disliked': 6, 'lol': 4, 'toxic': 0, 'saved': 0, 'comments': 2}, 'source': {'title': 'NewsBTC', 'region': 'en', 'domain': 'newsbtc.com', 'path': None}, 'title': 'Will Cardano Replicate Solana’s Surge? Analyst Reveals Similarities For 80% Rise', 'published_at': '2023-11-03T20:00:57Z', 'slug': 'Will-Cardano-Replicate-Solanas-Surge-Analyst-Reveals-Similarities-For-80-Rise', 'currencies': [{'code': 'BTC', 'title': 'Bitcoin', 'slug': 'bitcoin', 'url': 'https://cryptopanic.com/news/bitcoin/'}, {'code': 'ETH', 'title': 'Ethereum', 'slug': 'ethereum', 'url': 'https://cryptopanic.com/news/ethereum/'}, {'code': 'XRP', 'title': 'XRP', 'slug': 'ripple', 'url': 'https://cryptopanic.com/news/ripple/'}, {'code': 'SOL', 'title': 'Solana', 'slug': 'solana', 'url': 'https://cryptopanic.com/news/solana/'}, {'code': 'ADA', 'title': 'Cardano', 'slug': 'cardano', 'url': 'https://cryptopanic.com/news/cardano/'}], 'id': 19015272, 'url': 'https://cryptopanic.com/news/19015272/Will-Cardano-Replicate-Solanas-Surge-Analyst-Reveals-Similarities-For-80-Rise', 'created_at': '2023-11-03T20:00:57Z'}"
200,https://cryptopanic.com/api/v1/posts/?auth_token=336ae5a2960189eba18738b6e5168d5f6b9140f2&currencies=btc&filter=hot&page=3,https://cryptopanic.com/api/v1/posts/?auth_token=336ae5a2960189eba18738b6e5168d5f6b9140f2&currencies=btc&filter=hot&page=1,"{'kind': 'news', 'domain': 'zycrypto.com', 'votes': {'negative': 1, 'positive': 15, 'important': 8, 'liked': 11, 'disliked': 0, 'lol': 1, 'toxic': 0, 'saved': 2, 'comments': 0}, 'source': {'title': 'ZyCrypto', 'region': 'en', 'domain': 'zycrypto.com', 'path': None}, 'title': '‘Very Bullish’ Metric Shows Bitcoin, XRP, Ether, Solana, Cardano, Shiba Inu Set for Explosive Prices', 'published_at': '2023-11-02T20:31:15Z', 'slug': 'Very-Bullish-Metric-Shows-Bitcoin-XRP-Ether-Solana-Cardano-Shiba-Inu-Set-for-Explosive-Prices', 'currencies': [{'code': 'BTC', 'title': 'Bitcoin', 'slug': 'bitcoin', 'url': 'https://cryptopanic.com/news/bitcoin/'}, {'code': 'ETH', 'title': 'Ethereum', 'slug': 'ethereum', 'url': 'https://cryptopanic.com/news/ethereum/'}, {'code': 'XRP', 'title': 'XRP', 'slug': 'ripple', 'url': 'https://cryptopanic.com/news/ripple/'}, {'code': 'ADA', 'title': 'Cardano', 'slug': 'cardano', 'url': 'https://cryptopanic.com/news/cardano/'}, {'code': 'SHIB', 'title': 'Shiba Inu', 'slug': 'shiba-inu', 'url': 'https://cryptopanic.com/news/shiba-inu/'}], 'id': 19012910, 'url': 'https://cryptopanic.com/news/19012910/Very-Bullish-Metric-Shows-Bitcoin-XRP-Ether-Solana-Cardano-Shiba-Inu-Set-for-Explosive-Prices', 'created_at': '2023-11-02T20:31:15Z'}"
200,https://cryptopanic.com/api/v1/posts/?auth_token=336ae5a2960189eba18738b6e5168d5f6b9140f2&currencies=btc&filter=hot&page=3,https://cryptopanic.com/api/v1/posts/?auth_token=336ae5a2960189eba18738b6e5168d5f6b9140f2&currencies=btc&filter=hot&page=1,"{'kind': 'news', 'domain': 'newsbtc.com', 'votes': {'negative': 5, 'positive': 2, 'important': 2, 'liked': 1, 'disliked': 0, 'lol': 1, 'toxic': 0, 'saved': 1, 'comments': 0}, 'source': {'title': 'NewsBTC', 'region': 'en', 'domain': 'newsbtc.com', 'path': None}, 'title': 'Solana Whales Deposit To Exchanges, Selloff Incoming?', 'published_at': '2023-11-02T18:00:41Z', 'slug': 'Solana-Whales-Deposit-To-Exchanges-Selloff-Incoming', 'currencies': [{'code': 'BTC', 'title': 'Bitcoin', 'slug': 'bitcoin', 'url': 'https://cryptopanic.com/news/bitcoin/'}, {'code': 'SOL', 'title': 'Solana', 'slug': 'solana', 'url': 'https://cryptopanic.com/news/solana/'}], 'id': 19012610, 'url': 'https://cryptopanic.com/news/19012610/Solana-Whales-Deposit-To-Exchanges-Selloff-Incoming', 'created_at': '2023-11-02T18:00:41Z'}"
200,https://cryptopanic.com/api/v1/posts/?auth_token=336ae5a2960189eba18738b6e5168d5f6b9140f2&currencies=btc&filter=hot&page=4,https://cryptopanic.com/api/v1/posts/?auth_token=336ae5a2960189eba18738b6e5168d5f6b9140f2&currencies=btc&filter=hot&page=2,"{'kind': 'news', 'domain': 'finbold.com', 'votes': {'negative': 0, 'positive': 7, 'important': 5, 'liked': 6, 'disliked': 0, 'lol': 0, 'toxic': 0, 'saved': 3, 'comments': 0}, 'source': {'title': 'Finbold', 'region': 'en', 'domain': 'finbold.com', 'path': None}, 'title': 'Bitcoin hits yearly high, $37,000 next target, says crypto analyst', 'published_at': '2023-11-02T11:58:29Z', 'slug': 'Bitcoin-hits-yearly-high-37000-next-target-says-crypto-analyst', 'currencies': [{'code': 'BTC', 'title': 'Bitcoin', 'slug': 'bitcoin', 'url': 'https://cryptopanic.com/news/bitcoin/'}], 'id': 19011496, 'url': 'https://cryptopanic.com/news/19011496/Bitcoin-hits-yearly-high-37000-next-target-says-crypto-analyst', 'created_at': '2023-11-02T11:58:29Z'}"
200,https://cryptopanic.com/api/v1/posts/?auth_token=336ae5a2960189eba18738b6e5168d5f6b9140f2&currencies=btc&filter=hot&page=4,https://cryptopanic.com/api/v1/posts/?auth_token=336ae5a2960189eba18738b6e5168d5f6b9140f2&currencies=btc&filter=hot&page=2,"{'kind': 'news', 'domain': 'newsbtc.com', 'votes': {'negative': 4, 'positive': 3, 'important': 1, 'liked': 3, 'disliked': 3, 'lol': 4, 'toxic': 0, 'saved': 0, 'comments': 0}, 'source': {'title': 'NewsBTC', 'region': 'en', 'domain': 'newsbtc.com', 'path': None}, 'title': 'Cardano: More ADA Delegators Staking, But Why Are Bears Dominant?', 'published_at': '2023-11-02T01:00:57Z', 'slug': 'Cardano-More-ADA-Delegators-Staking-But-Why-Are-Bears-Dominant', 'currencies': [{'code': 'BTC', 'title': 'Bitcoin', 'slug': 'bitcoin', 'url': 'https://cryptopanic.com/news/bitcoin/'}, {'code': 'ETH', 'title': 'Ethereum', 'slug': 'ethereum', 'url': 'https://cryptopanic.com/news/ethereum/'}, {'code': 'XRP', 'title': 'XRP', 'slug': 'ripple', 'url': 'https://cryptopanic.com/news/ripple/'}, {'code': 'SOL', 'title': 'Solana', 'slug': 'solana', 'url': 'https://cryptopanic.com/news/solana/'}, {'code': 'ADA', 'title': 'Cardano', 'slug': 'cardano', 'url': 'https://cryptopanic.com/news/cardano/'}], 'id': 19010506, 'url': 'https://cryptopanic.com/news/19010506/Cardano-More-ADA-Delegators-Staking-But-Why-Are-Bears-Dominant', 'created_at': '2023-11-02T01:00:57Z'}"
200,https://cryptopanic.com/api/v1/posts/?auth_token=336ae5a2960189eba18738b6e5168d5f6b9140f2&currencies=btc&filter=hot&page=4,https://cryptopanic.com/api/v1/posts/?auth_token=336ae5a2960189eba18738b6e5168d5f6b9140f2&currencies=btc&filter=hot&page=2,"{'kind': 'news', 'domain': 'zycrypto.com', 'votes': {'negative': 0, 'positive': 5, 'important': 4, 'liked': 4, 'disliked': 0, 'lol': 0, 'toxic': 0, 'saved': 1, 'comments': 0}, 'source': {'title': 'ZyCrypto', 'region': 'en', 'domain': 'zycrypto.com', 'path': None}, 'title': 'Crypto Whales Acquire 30,000 BTC In Under a Week as Bitcoin Soars', 'published_at': '2023-11-01T21:39:00Z', 'slug': 'Crypto-Whales-Acquire-30000-BTC-In-Under-a-Week-as-Bitcoin-Soars', 'currencies': [{'code': 'BTC', 'title': 'Bitcoin', 'slug': 'bitcoin', 'url': 'https://cryptopanic.com/news/bitcoin/'}], 'id': 19010328, 'url': 'https://cryptopanic.com/news/19010328/Crypto-Whales-Acquire-30000-BTC-In-Under-a-Week-as-Bitcoin-Soars', 'created_at': '2023-11-01T21:39:00Z'}"
200,https://cryptopanic.com/api/v1/posts/?auth_token=336ae5a2960189eba18738b6e5168d5f6b9140f2&currencies=btc&filter=hot&page=4,https://cryptopanic.com/api/v1/posts/?auth_token=336ae5a2960189eba18738b6e5168d5f6b9140f2&currencies=btc&filter=hot&page=2,"{'kind': 'news', 'domain': 'cointelegraph.com', 'votes': {'negative': 1, 'positive': 14, 'important': 10, 'liked': 15, 'disliked': 0, 'lol': 5, 'toxic': 0, 'saved': 3, 'comments': 1}, 'source': {'title': 'CoinTelegraph', 'region': 'en', 'domain': 'cointelegraph.com', 'path': None}, 'title': 'Invesco Galaxy spot Bitcoin ETF joins BlackRock on DTCC site', 'published_at': '2023-11-01T01:04:25Z', 'slug': 'Invesco-Galaxy-spot-Bitcoin-ETF-joins-BlackRock-on-DTCC-site', 'currencies': [{'code': 'BTC', 'title': 'Bitcoin', 'slug': 'bitcoin', 'url': 'https://cryptopanic.com/news/bitcoin/'}], 'id': 19007803, 'url': 'https://cryptopanic.com/news/19007803/Invesco-Galaxy-spot-Bitcoin-ETF-joins-BlackRock-on-DTCC-site', 'created_at': '2023-11-01T01:04:25Z'}"
200,https://cryptopanic.com/api/v1/posts/?auth_token=336ae5a2960189eba18738b6e5168d5f6b9140f2&currencies=btc&filter=hot&page=4,https://cryptopanic.com/api/v1/posts/?auth_token=336ae5a2960189eba18738b6e5168d5f6b9140f2&currencies=btc&filter=hot&page=2,"{'kind': 'news', 'domain': 'en.bitcoinsistemi.com', 'votes': {'negative': 2, 'positive': 34, 'important': 19, 'liked': 25, 'disliked': 1, 'lol': 3, 'toxic': 0, 'saved': 5, 'comments': 14}, 'source': {'title': 'en bitcoinsistemi', 'region': 'en', 'domain': 'en.bitcoinsistemi.com', 'path': None}, 'title': 'JUST IN: Another Bitcoin Spot ETF Application Added to DTCC List After BlackRock’s – What Does It Mean?', 'published_at': '2023-10-31T23:10:05Z', 'slug': 'JUST-IN-Another-Bitcoin-Spot-ETF-Application-Added-to-DTCC-List-After-BlackRocks-What-Does-It-Mean', 'currencies': [{'code': 'BTC', 'title': 'Bitcoin', 'slug': 'bitcoin', 'url': 'https://cryptopanic.com/news/bitcoin/'}], 'id': 19007697, 'url': 'https://cryptopanic.com/news/19007697/JUST-IN-Another-Bitcoin-Spot-ETF-Application-Added-to-DTCC-List-After-BlackRocks-What-Does-It-Mean', 'created_at': '2023-10-31T23:10:05Z'}"
200,https://cryptopanic.com/api/v1/posts/?auth_token=336ae5a2960189eba18738b6e5168d5f6b9140f2&currencies=btc&filter=hot&page=4,https://cryptopanic.com/api/v1/posts/?auth_token=336ae5a2960189eba18738b6e5168d5f6b9140f2&currencies=btc&filter=hot&page=2,"{'kind': 'news', 'domain': 'theblock.co', 'votes': {'negative': 0, 'positive': 10, 'important': 9, 'liked': 10, 'disliked': 0, 'lol': 1, 'toxic': 0, 'saved': 1, 'comments': 0}, 'source': {'title': 'The Block', 'region': 'en', 'domain': 'theblock.co', 'path': None}, 'title': 'Big market makers are in talks with BlackRock to provide liquidity for its proposed spot bitcoin ETF: CoinDesk', 'published_at': '2023-10-31T18:39:45Z', 'slug': 'Big-market-makers-are-in-talks-with-BlackRock-to-provide-liquidity-for-its-proposed-spot-bitcoin-ETF-CoinDesk', 'currencies': [{'code': 'BTC', 'title': 'Bitcoin', 'slug': 'bitcoin', 'url': 'https://cryptopanic.com/news/bitcoin/'}], 'id': 19007246, 'url': 'https://cryptopanic.com/news/19007246/Big-market-makers-are-in-talks-with-BlackRock-to-provide-liquidity-for-its-proposed-spot-bitcoin-ETF-CoinDesk', 'created_at': '2023-10-31T18:39:45Z'}"
200,https://cryptopanic.com/api/v1/posts/?auth_token=336ae5a2960189eba18738b6e5168d5f6b9140f2&currencies=btc&filter=hot&page=4,https://cryptopanic.com/api/v1/posts/?auth_token=336ae5a2960189eba18738b6e5168d5f6b9140f2&currencies=btc&filter=hot&page=2,"{'kind': 'news', 'domain': 'finbold.com', 'votes': {'negative': 0, 'positive': 6, 'important': 4, 'liked': 5, 'disliked': 0, 'lol': 1, 'toxic': 0, 'saved': 3, 'comments': 0}, 'source': {'title': 'Finbold', 'region': 'en', 'domain': 'finbold.com', 'path': None}, 'title': 'Bitcoin ETF in early January looks like a ‘done deal:’ Here’s why', 'published_at': '2023-10-31T15:33:42Z', 'slug': 'Bitcoin-ETF-in-early-January-looks-like-a-done-deal-Heres-why', 'currencies': [{'code': 'BTC', 'title': 'Bitcoin', 'slug': 'bitcoin', 'url': 'https://cryptopanic.com/news/bitcoin/'}], 'id': 19006808, 'url': 'https://cryptopanic.com/news/19006808/Bitcoin-ETF-in-early-January-looks-like-a-done-deal-Heres-why', 'created_at': '2023-10-31T15:33:42Z'}"
200,https://cryptopanic.com/api/v1/posts/?auth_token=336ae5a2960189eba18738b6e5168d5f6b9140f2&currencies=btc&filter=hot&page=4,https://cryptopanic.com/api/v1/posts/?auth_token=336ae5a2960189eba18738b6e5168d5f6b9140f2&currencies=btc&filter=hot&page=2,"{'kind': 'news', 'domain': 'zycrypto.com', 'votes': {'negative': 1, 'positive': 6, 'important': 1, 'liked': 4, 'disliked': 1, 'lol': 2, 'toxic': 0, 'saved': 0, 'comments': 1}, 'source': {'title': 'ZyCrypto', 'region': 'en', 'domain': 'zycrypto.com', 'path': None}, 'title': 'Biden’s Executive Order Could Shake Up XRP, Bitcoin, Ether Prices', 'published_at': '2023-10-31T11:00:57Z', 'slug': 'Bidens-Executive-Order-Could-Shake-Up-XRP-Bitcoin-Ether-Prices', 'currencies': [{'code': 'BTC', 'title': 'Bitcoin', 'slug': 'bitcoin', 'url': 'https://cryptopanic.com/news/bitcoin/'}, {'code': 'ETH', 'title': 'Ethereum', 'slug': 'ethereum', 'url': 'https://cryptopanic.com/news/ethereum/'}, {'code': 'XRP', 'title': 'XRP', 'slug': 'ripple', 'url': 'https://cryptopanic.com/news/ripple/'}], 'id': 19005924, 'url': 'https://cryptopanic.com/news/19005924/Bidens-Executive-Order-Could-Shake-Up-XRP-Bitcoin-Ether-Prices', 'created_at': '2023-10-31T11:00:57Z'}"
200,https://cryptopanic.com/api/v1/posts/?auth_token=336ae5a2960189eba18738b6e5168d5f6b9140f2&currencies=btc&filter=hot&page=4,https://cryptopanic.com/api/v1/posts/?auth_token=336ae5a2960189eba18738b6e5168d5f6b9140f2&currencies=btc&filter=hot&page=2,"{'kind': 'news', 'domain': 'dailyhodl.com', 'votes': {'negative': 0, 'positive': 8, 'important': 3, 'liked': 6, 'disliked': 0, 'lol': 1, 'toxic': 0, 'saved': 1, 'comments': 1}, 'source': {'title': 'The Daily Hodl', 'region': 'en', 'domain': 'dailyhodl.com', 'path': None}, 'title': 'Bitcoin (BTC) Just About Ready for Parabolic Leg Up, According to Crypto Strategist – Here Are His Targets', 'published_at': '2023-10-30T07:04:59Z', 'slug': 'Bitcoin-BTC-Just-About-Ready-for-Parabolic-Leg-Up-According-to-Crypto-Strategist-Here-Are-His-Targets', 'currencies': [{'code': 'BTC', 'title': 'Bitcoin', 'slug': 'bitcoin', 'url': 'https://cryptopanic.com/news/bitcoin/'}], 'id': 19002706, 'url': 'https://cryptopanic.com/news/19002706/Bitcoin-BTC-Just-About-Ready-for-Parabolic-Leg-Up-According-to-Crypto-Strategist-Here-Are-His-Targets', 'created_at': '2023-10-30T07:04:59Z'}"
200,https://cryptopanic.com/api/v1/posts/?auth_token=336ae5a2960189eba18738b6e5168d5f6b9140f2&currencies=btc&filter=hot&page=4,https://cryptopanic.com/api/v1/posts/?auth_token=336ae5a2960189eba18738b6e5168d5f6b9140f2&currencies=btc&filter=hot&page=2,"{'kind': 'news', 'domain': 'cryptopolitan.com', 'votes': {'negative': 0, 'positive': 15, 'important': 9, 'liked': 11, 'disliked': 0, 'lol': 2, 'toxic': 0, 'saved': 4, 'comments': 3}, 'source': {'title': 'Feed - Cryptopolitan.Com', 'region': 'en', 'domain': 'cryptopolitan.com', 'path': None}, 'title': 'El Salvador tipped to become a financial powerhouse in the Americas', 'published_at': '2023-10-29T18:52:31Z', 'slug': 'El-Salvador-tipped-to-become-a-financial-powerhouse-in-the-Americas', 'currencies': [{'code': 'BTC', 'title': 'Bitcoin', 'slug': 'bitcoin', 'url': 'https://cryptopanic.com/news/bitcoin/'}], 'id': 19002193, 'url': 'https://cryptopanic.com/news/19002193/El-Salvador-tipped-to-become-a-financial-powerhouse-in-the-Americas', 'created_at': '2023-10-29T18:52:31Z'}"
200,https://cryptopanic.com/api/v1/posts/?auth_token=336ae5a2960189eba18738b6e5168d5f6b9140f2&currencies=btc&filter=hot&page=4,https://cryptopanic.com/api/v1/posts/?auth_token=336ae5a2960189eba18738b6e5168d5f6b9140f2&currencies=btc&filter=hot&page=2,"{'kind': 'news', 'domain': 'cointelegraph.com', 'votes': {'negative': 0, 'positive': 6, 'important': 4, 'liked': 5, 'disliked': 0, 'lol': 0, 'toxic': 0, 'saved': 2, 'comments': 1}, 'source': {'title': 'CoinTelegraph', 'region': 'en', 'domain': 'cointelegraph.com', 'path': None}, 'title': 'Bitcoin-friendly El Salvador can become ‘Singapore of the Americas’ — VanEck adviser', 'published_at': '2023-10-29T03:26:59Z', 'slug': 'Bitcoin-friendly-El-Salvador-can-become-Singapore-of-the-Americas-VanEck-adviser', 'currencies': [{'code': 'BTC', 'title': 'Bitcoin', 'slug': 'bitcoin', 'url': 'https://cryptopanic.com/news/bitcoin/'}], 'id': 19001437, 'url': 'https://cryptopanic.com/news/19001437/Bitcoin-friendly-El-Salvador-can-become-Singapore-of-the-Americas-VanEck-adviser', 'created_at': '2023-10-29T03:26:59Z'}"
200,https://cryptopanic.com/api/v1/posts/?auth_token=336ae5a2960189eba18738b6e5168d5f6b9140f2&currencies=btc&filter=hot&page=4,https://cryptopanic.com/api/v1/posts/?auth_token=336ae5a2960189eba18738b6e5168d5f6b9140f2&currencies=btc&filter=hot&page=2,"{'kind': 'news', 'domain': 'bitcoinist.com', 'votes': {'negative': 0, 'positive': 7, 'important': 3, 'liked': 3, 'disliked': 0, 'lol': 2, 'toxic': 0, 'saved': 1, 'comments': 13}, 'source': {'title': 'Bitcoinist', 'region': 'en', 'domain': 'bitcoinist.com', 'path': None}, 'title': 'Early Bitcoin Adopter Says XRP Price Is Closer To $10 Than You Think – Here’s Why', 'published_at': '2023-10-28T16:00:51Z', 'slug': 'Early-Bitcoin-Adopter-Says-XRP-Price-Is-Closer-To-10-Than-You-Think-Heres-Why', 'currencies': [{'code': 'BTC', 'title': 'Bitcoin', 'slug': 'bitcoin', 'url': 'https://cryptopanic.com/news/bitcoin/'}, {'code': 'XRP', 'title': 'XRP', 'slug': 'ripple', 'url': 'https://cryptopanic.com/news/ripple/'}], 'id': 19001025, 'url': 'https://cryptopanic.com/news/19001025/Early-Bitcoin-Adopter-Says-XRP-Price-Is-Closer-To-10-Than-You-Think-Heres-Why', 'created_at': '2023-10-28T16:00:51Z'}"
200,https://cryptopanic.com/api/v1/posts/?auth_token=336ae5a2960189eba18738b6e5168d5f6b9140f2&currencies=btc&filter=hot&page=4,https://cryptopanic.com/api/v1/posts/?auth_token=336ae5a2960189eba18738b6e5168d5f6b9140f2&currencies=btc&filter=hot&page=2,"{'kind': 'news', 'domain': 'cointelegraph.com', 'votes': {'negative': 0, 'positive': 6, 'important': 3, 'liked': 5, 'disliked': 0, 'lol': 1, 'toxic': 0, 'saved': 2, 'comments': 0}, 'source': {'title': 'CoinTelegraph', 'region': 'en', 'domain': 'cointelegraph.com', 'path': None}, 'title': '‘Buy Bitcoin’ search queries on Google surge 826% in the UK', 'published_at': '2023-10-27T00:59:00Z', 'slug': 'Buy-Bitcoin-search-queries-on-Google-surge-826-in-the-UK', 'currencies': [{'code': 'BTC', 'title': 'Bitcoin', 'slug': 'bitcoin', 'url': 'https://cryptopanic.com/news/bitcoin/'}], 'id': 18997593, 'url': 'https://cryptopanic.com/news/18997593/Buy-Bitcoin-search-queries-on-Google-surge-826-in-the-UK', 'created_at': '2023-10-27T00:59:00Z'}"
200,https://cryptopanic.com/api/v1/posts/?auth_token=336ae5a2960189eba18738b6e5168d5f6b9140f2&currencies=btc&filter=hot&page=4,https://cryptopanic.com/api/v1/posts/?auth_token=336ae5a2960189eba18738b6e5168d5f6b9140f2&currencies=btc&filter=hot&page=2,"{'kind': 'news', 'domain': 'cryptopolitan.com', 'votes': {'negative': 0, 'positive': 13, 'important': 10, 'liked': 14, 'disliked': 0, 'lol': 0, 'toxic': 0, 'saved': 2, 'comments': 0}, 'source': {'title': 'Feed - Cryptopolitan.Com', 'region': 'en', 'domain': 'cryptopolitan.com', 'path': None}, 'title': 'Mexican Senator pushes bill to make Bitcoin a legal tender', 'published_at': '2023-10-26T16:30:20Z', 'slug': 'Mexican-Senator-pushes-bill-to-make-Bitcoin-a-legal-tender', 'currencies': [{'code': 'BTC', 'title': 'Bitcoin', 'slug': 'bitcoin', 'url': 'https://cryptopanic.com/news/bitcoin/'}], 'id': 18996725, 'url': 'https://cryptopanic.com/news/18996725/Mexican-Senator-pushes-bill-to-make-Bitcoin-a-legal-tender', 'created_at': '2023-10-26T16:30:20Z'}"
200,https://cryptopanic.com/api/v1/posts/?auth_token=336ae5a2960189eba18738b6e5168d5f6b9140f2&currencies=btc&filter=hot&page=4,https://cryptopanic.com/api/v1/posts/?auth_token=336ae5a2960189eba18738b6e5168d5f6b9140f2&currencies=btc&filter=hot&page=2,"{'kind': 'news', 'domain': 'finbold.com', 'votes': {'negative': 2, 'positive': 5, 'important': 4, 'liked': 6, 'disliked': 3, 'lol': 3, 'toxic': 0, 'saved': 3, 'comments': 0}, 'source': {'title': 'Finbold', 'region': 'en', 'domain': 'finbold.com', 'path': None}, 'title': 'ChatGPT picks 5 cryptocurrencies to buy for Halloween', 'published_at': '2023-10-26T13:03:37Z', 'slug': 'ChatGPT-picks-5-cryptocurrencies-to-buy-for-Halloween', 'currencies': [{'code': 'BTC', 'title': 'Bitcoin', 'slug': 'bitcoin', 'url': 'https://cryptopanic.com/news/bitcoin/'}, {'code': 'ETH', 'title': 'Ethereum', 'slug': 'ethereum', 'url': 'https://cryptopanic.com/news/ethereum/'}, {'code': 'BNB', 'title': 'BNB', 'slug': 'binancecoin', 'url': 'https://cryptopanic.com/news/binancecoin/'}, {'code': 'ADA', 'title': 'Cardano', 'slug': 'cardano', 'url': 'https://cryptopanic.com/news/cardano/'}, {'code': 'BNB', 'title': 'OEC Binance Coin', 'slug': 'oec-binance-coin', 'url': 'https://cryptopanic.com/news/oec-binance-coin/'}], 'id': 18996171, 'url': 'https://cryptopanic.com/news/18996171/ChatGPT-picks-5-cryptocurrencies-to-buy-for-Halloween', 'created_at': '2023-10-26T13:03:37Z'}"
200,https://cryptopanic.com/api/v1/posts/?auth_token=336ae5a2960189eba18738b6e5168d5f6b9140f2&currencies=btc&filter=hot&page=4,https://cryptopanic.com/api/v1/posts/?auth_token=336ae5a2960189eba18738b6e5168d5f6b9140f2&currencies=btc&filter=hot&page=2,"{'kind': 'news', 'domain': 'coinedition.com', 'votes': {'negative': 5, 'positive': 5, 'important': 3, 'liked': 4, 'disliked': 5, 'lol': 5, 'toxic': 0, 'saved': 1, 'comments': 2}, 'source': {'title': 'coinedition', 'region': 'en', 'domain': 'coinedition.com', 'path': None}, 'title': 'Avalanche (AVAX) Is Primed To Catch Up to BTC, Predicts Analyst', 'published_at': '2023-10-26T12:57:00Z', 'slug': 'Avalanche-AVAX-Is-Primed-To-Catch-Up-to-BTC-Predicts-Analyst', 'currencies': [{'code': 'BTC', 'title': 'Bitcoin', 'slug': 'bitcoin', 'url': 'https://cryptopanic.com/news/bitcoin/'}, {'code': 'AVAX', 'title': 'Avalanche', 'slug': 'avalanche-2', 'url': 'https://cryptopanic.com/news/avalanche-2/'}], 'id': 18996155, 'url': 'https://cryptopanic.com/news/18996155/Avalanche-AVAX-Is-Primed-To-Catch-Up-to-BTC-Predicts-Analyst', 'created_at': '2023-10-26T12:57:00Z'}"
200,https://cryptopanic.com/api/v1/posts/?auth_token=336ae5a2960189eba18738b6e5168d5f6b9140f2&currencies=btc&filter=hot&page=4,https://cryptopanic.com/api/v1/posts/?auth_token=336ae5a2960189eba18738b6e5168d5f6b9140f2&currencies=btc&filter=hot&page=2,"{'kind': 'news', 'domain': 'en.bitcoinsistemi.com', 'votes': {'negative': 0, 'positive': 6, 'important': 8, 'liked': 5, 'disliked': 0, 'lol': 0, 'toxic': 0, 'saved': 2, 'comments': 0}, 'source': {'title': 'en bitcoinsistemi', 'region': 'en', 'domain': 'en.bitcoinsistemi.com', 'path': None}, 'title': 'SEC Met with One of the Applicants Regarding the Bitcoin Spot ETF: Here are the Details of the Meeting', 'published_at': '2023-10-25T18:01:06Z', 'slug': 'SEC-Met-with-One-of-the-Applicants-Regarding-the-Bitcoin-Spot-ETF-Here-are-the-Details-of-the-Meeting', 'currencies': [{'code': 'BTC', 'title': 'Bitcoin', 'slug': 'bitcoin', 'url': 'https://cryptopanic.com/news/bitcoin/'}], 'id': 18994210, 'url': 'https://cryptopanic.com/news/18994210/SEC-Met-with-One-of-the-Applicants-Regarding-the-Bitcoin-Spot-ETF-Here-are-the-Details-of-the-Meeting', 'created_at': '2023-10-25T18:01:06Z'}"
200,https://cryptopanic.com/api/v1/posts/?auth_token=336ae5a2960189eba18738b6e5168d5f6b9140f2&currencies=btc&filter=hot&page=4,https://cryptopanic.com/api/v1/posts/?auth_token=336ae5a2960189eba18738b6e5168d5f6b9140f2&currencies=btc&filter=hot&page=2,"{'kind': 'news', 'domain': 'zycrypto.com', 'votes': {'negative': 1, 'positive': 8, 'important': 5, 'liked': 5, 'disliked': 1, 'lol': 2, 'toxic': 0, 'saved': 2, 'comments': 2}, 'source': {'title': 'ZyCrypto', 'region': 'en', 'domain': 'zycrypto.com', 'path': None}, 'title': '$0.001 SHIB Price In View As Shiba Inu Sees Explosive Volume Amid Bitcoin’s Charge To $35,000', 'published_at': '2023-10-25T16:30:44Z', 'slug': '0001-SHIB-Price-In-View-As-Shiba-Inu-Sees-Explosive-Volume-Amid-Bitcoins-Charge-To-35000', 'currencies': [{'code': 'BTC', 'title': 'Bitcoin', 'slug': 'bitcoin', 'url': 'https://cryptopanic.com/news/bitcoin/'}, {'code': 'SHIB', 'title': 'Shiba Inu', 'slug': 'shiba-inu', 'url': 'https://cryptopanic.com/news/shiba-inu/'}], 'id': 18994014, 'url': 'https://cryptopanic.com/news/18994014/0001-SHIB-Price-In-View-As-Shiba-Inu-Sees-Explosive-Volume-Amid-Bitcoins-Charge-To-35000', 'created_at': '2023-10-25T16:30:44Z'}"
200,https://cryptopanic.com/api/v1/posts/?auth_token=336ae5a2960189eba18738b6e5168d5f6b9140f2&currencies=btc&filter=hot&page=4,https://cryptopanic.com/api/v1/posts/?auth_token=336ae5a2960189eba18738b6e5168d5f6b9140f2&currencies=btc&filter=hot&page=2,"{'kind': 'news', 'domain': 'bitcoinist.com', 'votes': {'negative': 6, 'positive': 10, 'important': 8, 'liked': 10, 'disliked': 6, 'lol': 4, 'toxic': 0, 'saved': 0, 'comments': 1}, 'source': {'title': 'Bitcoinist', 'region': 'en', 'domain': 'bitcoinist.com', 'path': None}, 'title': 'Cardano Path To $1: How Staking Updates Could Ignite A Rally', 'published_at': '2023-10-25T09:40:19Z', 'slug': 'Cardano-Path-To-1-How-Staking-Updates-Could-Ignite-A-Rally', 'currencies': [{'code': 'BTC', 'title': 'Bitcoin', 'slug': 'bitcoin', 'url': 'https://cryptopanic.com/news/bitcoin/'}, {'code': 'ADA', 'title': 'Cardano', 'slug': 'cardano', 'url': 'https://cryptopanic.com/news/cardano/'}, {'code': 'OP', 'title': 'Optimism', 'slug': 'optimism', 'url': 'https://cryptopanic.com/news/optimism/'}], 'id': 18992708, 'url': 'https://cryptopanic.com/news/18992708/Cardano-Path-To-1-How-Staking-Updates-Could-Ignite-A-Rally', 'created_at': '2023-10-25T09:40:19Z'}"
200,https://cryptopanic.com/api/v1/posts/?auth_token=336ae5a2960189eba18738b6e5168d5f6b9140f2&currencies=btc&filter=hot&page=4,https://cryptopanic.com/api/v1/posts/?auth_token=336ae5a2960189eba18738b6e5168d5f6b9140f2&currencies=btc&filter=hot&page=2,"{'kind': 'news', 'domain': 'en.bitcoinsistemi.com', 'votes': {'negative': 1, 'positive': 20, 'important': 10, 'liked': 12, 'disliked': 1, 'lol': 5, 'toxic': 0, 'saved': 2, 'comments': 6}, 'source': {'title': 'en bitcoinsistemi', 'region': 'en', 'domain': 'en.bitcoinsistemi.com', 'path': None}, 'title': 'JUST IN: Blackrock Spot Bitcoin ETF Relisted on DTCC, Bitcoin is Moving!', 'published_at': '2023-10-24T22:10:06Z', 'slug': 'JUST-IN-Blackrock-Spot-Bitcoin-ETF-Relisted-on-DTCC-Bitcoin-is-Moving', 'currencies': [{'code': 'BTC', 'title': 'Bitcoin', 'slug': 'bitcoin', 'url': 'https://cryptopanic.com/news/bitcoin/'}], 'id': 18991775, 'url': 'https://cryptopanic.com/news/18991775/JUST-IN-Blackrock-Spot-Bitcoin-ETF-Relisted-on-DTCC-Bitcoin-is-Moving', 'created_at': '2023-10-24T22:10:06Z'}"
